09201,"321  ","3210000","DA7^9]","3BIPT<","26F92;26^E2J^12","栃木県","宇都宮市","以下に掲載がない場合",0,0,0,0,0,0
09201,"32911","3291113","DA7^9]","3BIPT<","12I;\AV3","栃木県","宇都宮市","相野沢町",0,0,0,0,0,0
09201,"320  ","3200845","DA7^9]","3BIPT<","19N^IAV3","栃木県","宇都宮市","明保野町",0,0,0,0,0,0
09201,"320  ","3200818","DA7^9]","3BIPT<","1;K","栃木県","宇都宮市","旭",0,0,1,0,0,0
09201,"32104","3210404","DA7^9]","3BIPT<","1<GOAV3","栃木県","宇都宮市","芦沼町",0,0,0,0,0,0
09201,"32103","3210347","DA7^9]","3BIPT<","22@^OA","栃木県","宇都宮市","飯田町",0,0,0,0,0,0
09201,"32121","3212101","DA7^9]","3BIPT<","22TOOA","栃木県","宇都宮市","飯山町",0,0,0,0,0,0
09201,"320  ","3200801","DA7^9]","3BIPT<","296^PAV3","栃木県","宇都宮市","池上町",0,0,0,0,0,0
09201,"321  ","3210912","DA7^9]","3BIPT<","2<2OA","栃木県","宇都宮市","石井町",0,0,0,0,0,0
09201,"32121","3212103","DA7^9]","3BIPT<","2<E@^OA","栃木県","宇都宮市","石那田町",0,0,0,0,0,0
09201,"321  ","3210952","DA7^9]","3BIPT<","2=^P6^56","栃木県","宇都宮市","泉が丘",0,0,1,0,0,0
09201,"320  ","3200034","DA7^9]","3BIPT<","2=^PAV3","栃木県","宇都宮市","泉町",0,0,0,0,0,0
09201,"32132","3213221","DA7^9]","3BIPT<","2@D^OA","栃木県","宇都宮市","板戸町",0,0,0,0,0,0
09201,"320  ","3200821","DA7^9]","3BIPT<","2A<^V3","栃木県","宇都宮市","一条",0,0,1,0,0,0
09201,"320  ","3200047","DA7^9]","3BIPT<","2AI;\","栃木県","宇都宮市","一の沢",0,0,1,0,0,0
09201,"320  ","3200049","DA7^9]","3BIPT<","2AI;\OA","栃木県","宇都宮市","一ノ沢町",0,0,0,0,0,0
09201,"320  ","3200812","DA7^9]","3BIPT<","2AJ^]AV3","栃木県","宇都宮市","一番町",0,0,0,0,0,0
09201,"321  ","3210966","DA7^9]","3BIPT<","2O2=^P","栃木県","宇都宮市","今泉",0,0,1,0,0,0
09201,"321  ","3210961","DA7^9]","3BIPT<","2O2=^P<]OA","栃木県","宇都宮市","今泉新町",0,0,0,0,0,0
09201,"321  ","3210962","DA7^9]","3BIPT<","2O2=^PAV3","栃木県","宇都宮市","今泉町",0,0,0,0,0,0
